variable,x,pi,i
x,1,0.137622636548,-0.57984342055
pi,0.137622636548,1,-0.0889548930893
i,-0.57984342055,-0.0889548930893,1
