variable,e_x,e_pi,e_i
x,46.8359262141,11.8970440647,41.2670297212
pi,1.55301478248,81.0612464458,17.3857387717
i,8.19941427179,20.5431137195,71.2574720087
