series,observations,mean,std_dev,minimum,maximum,sample_start,sample_end
fx_clp_usd,101,656.2810216200472,142.52448392915875,463.685168831169,964.9332138183073,2001Q1,2026Q1
copper_usd_ton,101,6342.988429439056,2564.966631222681,1428.1721091994102,12822.220454545457,2001Q1,2026Q1
fx_gap,101,0.005360764206742926,0.07346769814831954,-0.13433402339070213,0.20586213271098558,2001Q1,2026Q1
copper_gap,101,-0.11680039598668743,0.40277067103445285,-1.0796272632947057,0.5081209159415689,2001Q1,2026Q1
fx_depreciation_q,100,0.004340841767629033,0.049723878512531745,-0.11889640390020073,0.2184677338934975,2001Q2,2026Q1
