scenario,index,real,imaginary,modulus
kappa_0p10,1,0.65607698161,0,0.65607698161
kappa_0p10,2,1.37905839588,0,1.37905839588
kappa_0p10,3,1.0400709991,0,1.0400709991
