variable,e_x,e_pi,e_i
x,45.3868473298,9.87486790729,44.738284763
pi,1.50549395732,79.5189407125,18.9755653301
i,8.05855698892,16.6243763736,75.3170666375
