variable,mean,std_dev,variance,autocorrelation_1
x,0,0.00607278472713,3.6878714342e-05,0.300516547003
pi,0,0.00267369452629,7.14864241989e-06,0.0471175130943
i,0.00741707177773,0.000729213994176,5.31753049302e-07,0.65607698161
