variable,e_x,e_pi,e_i
x,34.7352562232,28.5197228608,36.745020916
pi,0.715410394251,86.5290803702,12.7555092356
i,5.67879719241,50.613455932,43.7077468756
