variable,x,pi,i
x,1,0.242159472837,-0.567508259739
pi,0.242159472837,1,-0.201880229709
i,-0.567508259739,-0.201880229709,1
