scenario,index,real,imaginary,modulus
kappa_0p13,1,0.630072502944,0,0.630072502944
kappa_0p13,2,1.43346169305,0,1.43346169305
kappa_0p13,3,1.04189469275,0,1.04189469275
