variable,e_x,e_pi,e_i
x,46.5348915609,9.66728448498,43.7978239541
pi,2.29359709196,72.6930330248,25.0133698832
i,9.24052006023,16.410659922,74.3488200178
