variable,x,pi,i
x,1,0.109906574968,-0.570544297857
pi,0.109906574968,1,-0.048739585289
i,-0.570544297857,-0.048739585289,1
