variable,e_x,e_pi,e_i
x,47.7547862126,13.5116569205,38.7335568668
pi,1.58951636478,82.1446622059,16.2658214294
i,8.27817997786,23.7210966216,68.0007234005
