variable,mean,std_dev,variance,autocorrelation_1
x,0,0.00594060329607,3.52907675213e-05,0.279579352321
pi,0,0.00257863827839,6.64937537079e-06,0.0154771811231
i,0.00741707177773,0.000753633157816,5.67962936559e-07,0.649275180624
