variable,x,pi,i
x,1,0.200598644558,-0.604694288014
pi,0.200598644558,1,-0.177663321897
i,-0.604694288014,-0.177663321897,1
