variable,e_x,e_pi,e_i
x,44.3349887431,8.67081734911,46.9941939078
pi,1.47608343984,78.4763870844,20.0475294757
i,7.94937280822,14.3385253542,77.7121018375
