variable,x,pi,i
x,1,0.255586022014,-0.629666922361
pi,0.255586022014,1,-0.251648816001
i,-0.629666922361,-0.251648816001,1
