variable,e_x,e_pi,e_i
x,41.7580447637,6.32384801438,51.9181072219
pi,1.41579510572,76.0726491535,22.5115557408
i,7.67110586302,10.0249706846,82.3039234524
