variable,x,pi,i
x,1,0.123477985128,-0.574956237151
pi,0.123477985128,1,-0.0685108908949
i,-0.574956237151,-0.0685108908949,1
