variable,e_x,e_pi,e_i
x,47.3200326446,12.7056194926,39.9743478629
pi,1.57144096955,81.6182117691,16.8103472613
i,8.24235272282,22.1305708861,69.627076391
