variable,x,pi,i
x,1,0.218123294298,-0.612370754425
pi,0.218123294298,1,-0.201609945329
i,-0.612370754425,-0.201609945329,1
