variable,e_x,e_pi,e_i
x,43.5495367065,7.87694710181,48.5735161917
pi,1.45616555474,77.7256180602,20.8182163851
i,7.86568408766,12.856176732,79.2781391804
