variable,mean,std_dev,variance,autocorrelation_1
x,0,0.00618259494913,3.8224480305e-05,0.316401798767
pi,0,0.0027391527405,7.50295773579e-06,0.0681959277424
i,0.00741707177773,0.000718444800921,5.1616293197e-07,0.660087418222
