variable,x,pi,i
x,1,0.175109447751,-0.5946770092
pi,0.175109447751,1,-0.141924486962
i,-0.5946770092,-0.141924486962,1
