scenario,index,real,imaginary,modulus
rstar_4,1,0.656498276888,0,0.656498276888
rstar_4,2,1.38073908855,0,1.38073908855
rstar_4,3,1.04064897939,0,1.04064897939
