variable,e_x,e_pi,e_i
x,45.3572150487,9.88022586315,44.7625590882
pi,1.50766684421,79.6143085482,18.8780246076
i,8.05855698892,16.6243763736,75.3170666375
