variable,x,pi,i
x,1,0.160485502731,-0.67845513413
pi,0.160485502731,1,-0.135454741823
i,-0.67845513413,-0.135454741823,1
