variable,e_x,e_pi,e_i
x,37.3964477981,11.6062083522,50.9973438497
pi,1.0663054569,80.3400197373,18.5936748057
i,5.92667440968,17.4404579098,76.6328676805
