variable,mean,std_dev,variance,autocorrelation_1
x,0,0.00669017870787,4.47584911432e-05,0.36311331451
pi,0,0.0031769507288,1.00930159332e-05,0.0437747919267
i,0.00741707177773,0.000850311593791,7.23029806536e-07,0.65607698161
