scenario,index,real,imaginary,modulus
rstar_3,1,0.65607698161,0,0.65607698161
rstar_3,2,1.37905839588,0,1.37905839588
rstar_3,3,1.0400709991,0,1.0400709991
