variable,x,pi,i
x,1,0.167761201873,-0.591152953924
pi,0.167761201873,1,-0.131905264971
i,-0.591152953924,-0.131905264971,1
