variable,e_x,e_pi,e_i
x,45.7057834843,10.2784791634,44.0157373523
pi,1.51515598633,79.8459023251,18.6389416885
i,8.09073314046,17.399412773,74.5098540866
