variable,mean,std_dev,variance,autocorrelation_1
x,0,0.0060543887409,3.6655623026e-05,0.297738097013
pi,0,0.00266183272774,7.08535347046e-06,0.0432317990763
i,0.00741707177773,0.000731622836779,5.35271975297e-07,0.655295838407
