variable,x,pi,i
x,1,0.176310415963,-0.59395801929
pi,0.176310415963,1,-0.144250914932
i,-0.59395801929,-0.144250914932,1
