scenario,index,real,imaginary,modulus
rstar_2,1,0.655649331912,0,0.655649331912
rstar_2,2,1.37737320685,0,1.37737320685
rstar_2,3,1.0394842836,0,1.0394842836
