variable,e_x,e_pi,e_i
x,45.4169732033,9.86942070259,44.7136060941
pi,1.50330627767,79.4219660222,19.0747277001
i,8.05855698892,16.6243763736,75.3170666375
