variable,x,pi,i
x,1,0.175706139452,-0.5943203801
pi,0.175706139452,1,-0.143079329393
i,-0.5943203801,-0.143079329393,1
