scenario,index,real,imaginary,modulus
baseline,1,0.65607698161,0,0.65607698161
baseline,2,1.37905839588,0,1.37905839588
baseline,3,1.0400709991,0,1.0400709991
