variable,x,pi,i
x,1,0.18382421161,-0.597630776848
pi,0.18382421161,1,-0.154429885907
i,-0.597630776848,-0.154429885907,1
