variable,e_x,e_pi,e_i
x,45.0523984596,9.47218906048,45.47541248
pi,1.49575869586,79.1819766318,19.3222646723
i,8.02429652451,15.8553099292,76.1203935463
