variable,x,pi,i
x,1,0.236438508997,-0.620686598535
pi,0.236438508997,1,-0.226271881005
i,-0.620686598535,-0.226271881005,1
