variable,e_x,e_pi,e_i
x,42.6919376756,7.09351499893,50.2145473254
pi,1.43605032131,76.9257958914,21.6381537873
i,7.77299221274,11.4157351778,80.8112726095
