variable,x,pi,i
x,1,0.152372482193,-0.585233108492
pi,0.152372482193,1,-0.11008303096
i,-0.585233108492,-0.11008303096,1
