variable,e_x,e_pi,e_i
x,46.2990413879,11.087423445,42.6135351671
pi,1.53424815681,80.4713576728,17.9943941704
i,8.14899340061,18.9641121935,72.8868944059
