variable,x,pi,i
x,1,-0.23138469987,-0.209508150192
pi,-0.23138469987,1,0.502719268337
i,-0.209508150192,0.502719268337,1
