variable,e_x,e_pi,e_i
x,67.1129007999,22.0430097496,10.8440894505
pi,1.37714117758,96.8239032303,1.79895559215
i,24.5229264806,50.589498859,24.8875746604
