variable,x,pi,i
x,1,0.0954041460933,-0.622714213435
pi,0.0954041460933,1,-0.0667351826999
i,-0.622714213435,-0.0667351826999,1
