scenario,index,real,imaginary,modulus
kappa_0p07,1,0.686861012035,0,0.686861012035
kappa_0p07,2,1.32101602873,0,1.32101602873
kappa_0p07,3,1.03710682367,0,1.03710682367
