variable,e_x,e_pi,e_i
x,44.058245895,10.1150987497,45.8266553554
pi,0.83281181676,86.7560632506,12.4111249327
i,6.93733425648,16.8271100712,76.2355556723
