variable,mean,std_dev,variance,autocorrelation_1
x,0,0.00627201441217,3.93381647864e-05,0.331617880868
pi,0,0.0026513307562,7.0295547788e-06,0.0184948369854
i,0.00741707177773,0.000787951765103,6.20867984129e-07,0.686861012035
