variable,e_x,e_pi,e_i,e_q,e_copper
x,15.0245127841,3.27204188338,14.8240506009,2.26012191919,64.6192728124
pi,1.07047883907,58.2855506327,16.0075941265,13.0062266375,11.6301497642
i,2.32314809014,4.79253150102,21.7126589481,7.64934544503,63.5223160158
q,0.0146348755266,0.0301909733058,0.136780802914,97.6740178118,2.14437553642
copper,0,0,0,0,100
