variable,mean,std_dev,variance,autocorrelation_1
x,0,0.0236829867563,0.000560883861701,0.820324940922
pi,0,0.0036557759723,1.33646979596e-05,0.336081126124
i,0,0.00324176359515,1.05090312068e-05,0.966207072368
q,0,0.0767160439489,0.00588535139917,0.614770076311
copper,0,0.355134974837,0.126120850352,0.941182126643
