variable,mean,std_dev,variance,autocorrelation_1
x,0,0.0104964072229,0.00011017456459,0.460989073425
pi,0,0.00308130407798,9.49443482096e-06,0.0774101290385
i,0,0.00128972161179,1.66338183593e-06,0.828693778933
q,0,0.0447185925865,0.00199975252292,0.00884919148004
copper,0,0.170717391537,0.0291444277733,0.751738277033
